{
  "tbm_dungeons:ashen_savanna": {
    "r": 172.70813641446827,
    "g": 219.14507647864042,
    "b": 19.41969408543835
  },
  "tbm_dungeons:mirage_isles": {
    "r": 139.39213329196625,
    "g": 238.89599231655635,
    "b": 68.84900387071876
  },
  "tbm_dungeons:blooming_valley": {
    "r": 139.39213329196625,
    "g": 238.89599231655635,
    "b": 68.84900387071876
  },
  "tbm_dungeons:cold_shrubland": {
    "r": 133.54352505070912,
    "g": 197.54352505070912,
    "b": 219.6861273854751
  },
  "tbm_dungeons:rocky_shrubland": {
    "r": 133.54352505070912,
    "g": 197.54352505070912,
    "b": 219.6861273854751
  },
  "tbm_dungeons:white_cliffs": {
    "r": 131.32031228509516,
    "g": 218.25518577954546,
    "b": 159.34958878767475
  },
  "tbm_dungeons:skylands_autumn": {
    "r": 131.49438223036046,
    "g": 227.49438223036046,
    "b": 128.0
  },
  "tbm_dungeons:emerald_peaks": {
    "r": 117.19154702437076,
    "g": 210.7670450890114,
    "b": 225.48405196233787
  },
  "tbm_dungeons:glacial_chasm": {
    "r": 110.25280888481977,
    "g": 209.74719111518021,
    "b": 236.58030591456168
  },
  "tbm_dungeons:hot_shrubland": {
    "r": 153.07182701620138,
    "g": 231.1587620229048,
    "b": 46.700934094427225
  },
  "tbm_dungeons:snowy_maple_forest": {
    "r": 124.14189885977238,
    "g": 203.81669325360977,
    "b": 225.48405196233787
  },
  "tbm_dungeons:yosemite_lowlands": {
    "r": 113.315698348043,
    "g": 226.05772432921194,
    "b": 198.98876446072092
  },
  "tbm_dungeons:snowy_badlands": {
    "r": 110.25280888481977,
    "g": 209.74719111518021,
    "b": 236.58030591456168
  },
  "tbm_dungeons:amethyst_rainforest": {
    "r": 149.6551696543209,
    "g": 244.45129536600768,
    "b": 24.409463014172033
  },
  "tbm_dungeons:temperate_highlands": {
    "r": 163.06248021869226,
    "g": 225.73503144337568,
    "b": 30.5159480376621
  },
  "tbm_dungeons:rocky_mountains": {
    "r": 163.23765997289618,
    "g": 230.61251322586557,
    "b": 19.41969408543835
  },
  "tbm_dungeons:valley_clearing": {
    "r": 205.0512567640898,
    "g": 189.04055791714006,
    "b": 159.34958878767475
  },
  "tbm_dungeons:alpine_highlands": {
    "r": 140.90375376573436,
    "g": 212.2938552162193,
    "b": 143.9171842267643
  },
  "tbm_dungeons:alpha_islands_winter": {
    "r": 104.50971137266109,
    "g": 215.4902886273389,
    "b": 236.58030591456168
  },
  "tbm_dungeons:cave/andesite_caves": {
    "r": 163.23765997289618,
    "g": 230.61251322586557,
    "b": 19.41969408543835
  },
  "tbm_dungeons:cave/diorite_caves": {
    "r": 163.23765997289618,
    "g": 230.61251322586557,
    "b": 19.41969408543835
  },
  "tbm_dungeons:cave/infested_caves": {
    "r": 163.23765997289618,
    "g": 230.61251322586557,
    "b": 19.41969408543835
  },
  "tbm_dungeons:cave/mantle_caves": {
    "r": 183.03336263467932,
    "g": 223.57165754084576,
    "b": 0.14151133105244185
  },
  "tbm_dungeons:cave/granite_caves": {
    "r": 163.23765997289618,
    "g": 230.61251322586557,
    "b": 19.41969408543835
  },
  "tbm_dungeons:cave/ice_caves": {
    "r": 163.23765997289618,
    "g": 230.61251322586557,
    "b": 19.41969408543835
  },
  "tbm_dungeons:cave/deep_caves": {
    "r": 144.9083332650315,
    "g": 223.79220322361834,
    "b": 96.65041121232522
  },
  "tbm_dungeons:cave/tuff_caves": {
    "r": 163.23765997289618,
    "g": 230.61251322586557,
    "b": 19.41969408543835
  },
  "tbm_dungeons:cave/fungal_caves": {
    "r": 163.23765997289618,
    "g": 230.61251322586557,
    "b": 19.41969408543835
  },
  "tbm_dungeons:cave/frostfire_caves": {
    "r": 153.07182701620138,
    "g": 231.1587620229048,
    "b": 46.700934094427225
  },
  "tbm_dungeons:cave/crystal_caves": {
    "r": 163.23765997289618,
    "g": 230.61251322586557,
    "b": 19.41969408543835
  },
  "tbm_dungeons:cave/desert_caves": {
    "r": 153.07182701620138,
    "g": 231.1587620229048,
    "b": 46.700934094427225
  },
  "tbm_dungeons:cave/thermal_caves": {
    "r": 153.07182701620138,
    "g": 231.1587620229048,
    "b": 46.700934094427225
  },
  "tbm_dungeons:cave/underground_jungle": {
    "r": 131.49438223036046,
    "g": 227.49438223036046,
    "b": 128.0
  },
  "tbm_dungeons:cloud_forest": {
    "r": 113.315698348043,
    "g": 226.05772432921194,
    "b": 198.98876446072092
  },
  "tbm_dungeons:snowy_shield": {
    "r": 107.60828306610661,
    "g": 220.35030904727554,
    "b": 225.48405196233787
  },
  "tbm_dungeons:warm_river": {
    "r": 131.49438223036046,
    "g": 227.49438223036046,
    "b": 128.0
  },
  "tbm_dungeons:skylands": {
    "r": 131.49438223036046,
    "g": 227.49438223036046,
    "b": 128.0
  },
  "tbm_dungeons:volcanic_peaks": {
    "r": 163.23765997289618,
    "g": 230.61251322586557,
    "b": 19.41969408543835
  },
  "tbm_dungeons:jungle_mountains": {
    "r": 149.6551696543209,
    "g": 244.45129536600768,
    "b": 24.409463014172033
  },
  "tbm_dungeons:skylands_winter": {
    "r": 118.09020608173847,
    "g": 217.58458831209893,
    "b": 209.29906590557277
  },
  "tbm_dungeons:white_mesa": {
    "r": 183.03336263467932,
    "g": 223.57165754084576,
    "b": 0.14151133105244185
  },
  "tbm_dungeons:arid_highlands": {
    "r": 178.33323702864033,
    "g": 226.8281786191172,
    "b": 1.0419552552694142
  },
  "tbm_dungeons:scarlet_mountains": {
    "r": 117.19154702437076,
    "g": 210.7670450890114,
    "b": 225.48405196233787
  },
  "tbm_dungeons:mountain_steppe": {
    "r": 126.55172098241269,
    "g": 223.18083930146912,
    "b": 158.59643382965368
  },
  "tbm_dungeons:blooming_plateau": {
    "r": 125.05138977260063,
    "g": 234.1182041057647,
    "b": 128.0
  },
  "tbm_dungeons:haze_mountain": {
    "r": 119.14267027083196,
    "g": 223.79220322361834,
    "b": 187.15099612928125
  },
  "tbm_dungeons:rocky_jungle": {
    "r": 149.6551696543209,
    "g": 244.45129536600768,
    "b": 24.409463014172033
  },
  "tbm_dungeons:volcanic_crater": {
    "r": 163.23765997289618,
    "g": 230.61251322586557,
    "b": 19.41969408543835
  },
  "tbm_dungeons:gravel_desert": {
    "r": 115.7963339355289,
    "g": 215.29071616588936,
    "b": 219.6861273854751
  },
  "tbm_dungeons:windswept_spires": {
    "r": 124.36996044969354,
    "g": 211.30483394414384,
    "b": 209.29906590557277
  },
  "tbm_dungeons:ancient_sands": {
    "r": 183.03336263467932,
    "g": 223.57165754084576,
    "b": 0.14151133105244185
  },
  "tbm_dungeons:gravel_beach": {
    "r": 153.07182701620138,
    "g": 231.1587620229048,
    "b": 46.700934094427225
  },
  "tbm_dungeons:siberian_grove": {
    "r": 112.58361720063051,
    "g": 225.32564318179945,
    "b": 203.2971848189575
  },
  "tbm_dungeons:lavender_forest": {
    "r": 139.39213329196625,
    "g": 238.89599231655635,
    "b": 68.84900387071876
  },
  "tbm_dungeons:painted_mountains": {
    "r": 163.23765997289618,
    "g": 230.61251322586557,
    "b": 19.41969408543835
  },
  "tbm_dungeons:desert_canyon": {
    "r": 183.03336263467932,
    "g": 223.57165754084576,
    "b": 0.14151133105244185
  },
  "tbm_dungeons:birch_taiga": {
    "r": 128.74728062777257,
    "g": 208.42207502160994,
    "b": 205.35907547099694
  },
  "tbm_dungeons:siberian_taiga": {
    "r": 110.50269263058942,
    "g": 232.43218086386088,
    "b": 187.15099612928125
  },
  "tbm_dungeons:stony_spires": {
    "r": 150.98015378190337,
    "g": 225.99241607319703,
    "b": 68.84900387071876
  },
  "tbm_dungeons:yellowstone": {
    "r": 113.23387588872829,
    "g": 225.97590186989723,
    "b": 199.48575059602356
  },
  "tbm_dungeons:sakura_grove": {
    "r": 139.39213329196625,
    "g": 238.89599231655635,
    "b": 68.84900387071876
  },
  "tbm_dungeons:wintry_lowlands": {
    "r": 95.46505985249945,
    "g": 189.04055791714006,
    "b": 254.2866301633831
  },
  "tbm_dungeons:alpha_islands": {
    "r": 139.39213329196625,
    "g": 238.89599231655635,
    "b": 68.84900387071876
  },
  "tbm_dungeons:ice_marsh": {
    "r": 107.64589080425213,
    "g": 223.4411592971661,